{
  "timestamp": "2026-04-16 19:54:55",
  "shots": 4096,
  "n_qubits_depth": 5,
  "coherent_eps": 0.05,
  "backends": {
    "ibm_fez": {
      "backend": "ibm_fez",
      "num_qubits": 156,
      "exp1_coherent": {
        "1": {
          "fidelity": 0.44384765625,
          "infidelity": 0.55615234375,
          "job_id": "d7gf2ec93s0c738rfflg"
        },
        "4": {
          "fidelity": 0.383056640625,
          "infidelity": 0.616943359375,
          "job_id": "d7gf2hq2khts739oe10g"
        },
        "8": {
          "fidelity": 0.286376953125,
          "infidelity": 0.713623046875,
          "job_id": "d7gf2k493s0c738rffsg"
        },
        "16": {
          "fidelity": 0.20361328125,
          "infidelity": 0.79638671875,
          "job_id": "d7gf2mjjne2c7392q510"
        },
        "32": {
          "fidelity": 0.028076171875,
          "infidelity": 0.971923828125,
          "job_id": "d7gf2onb91ec73atdrhg"
        },
        "64": {
          "fidelity": 0.0,
          "infidelity": 1.0,
          "job_id": "d7gf2r7b91ec73atdrk0"
        },
        "128": {
          "fidelity": 0.296142578125,
          "infidelity": 0.703857421875,
          "job_id": "d7gf2ta2khts739oe1cg"
        }
      },
      "exp2_clifford": {
        "1": {
          "fidelity": 0.30078125,
          "infidelity": 0.69921875,
          "job_id": "d7gf30bjne2c7392q5dg"
        },
        "2": {
          "fidelity": 0.23388671875,
          "infidelity": 0.76611328125,
          "job_id": "d7gf32jjne2c7392q5hg"
        },
        "4": {
          "fidelity": 0.126953125,
          "infidelity": 0.873046875,
          "job_id": "d7gf34rjne2c7392q5lg"
        },
        "8": {
          "fidelity": 0.0458984375,
          "infidelity": 0.9541015625,
          "job_id": "d7gf37a2khts739oe1p0"
        },
        "16": {
          "fidelity": 0.082275390625,
          "infidelity": 0.917724609375,
          "job_id": "d7gf39k93s0c738rfgm0"
        },
        "32": {
          "fidelity": 0.05712890625,
          "infidelity": 0.94287109375,
          "job_id": "d7gf3c493s0c738rfgp0"
        },
        "64": {
          "fidelity": 0.023193359375,
          "infidelity": 0.976806640625,
          "job_id": "d7gf3eq2khts739oe220"
        }
      },
      "exp3_ghz": {
        "2": {
          "fidelity": 0.6318359375,
          "infidelity": 0.3681640625,
          "job_id": "d7gf3grjne2c7392q64g"
        },
        "3": {
          "fidelity": 0.527587890625,
          "infidelity": 0.472412109375,
          "job_id": "d7gf3j3jne2c7392q690"
        },
        "4": {
          "fidelity": 0.485107421875,
          "infidelity": 0.514892578125,
          "job_id": "d7gf3lfb91ec73atdskg"
        },
        "5": {
          "fidelity": 0.530029296875,
          "infidelity": 0.469970703125,
          "job_id": "d7gf3ni2khts739oe2dg"
        },
        "6": {
          "fidelity": 0.48828125,
          "infidelity": 0.51171875,
          "job_id": "d7gf3ps93s0c738rfhag"
        },
        "7": {
          "fidelity": 0.44921875,
          "infidelity": 0.55078125,
          "job_id": "d7gf3rvb91ec73atdstg"
        },
        "8": {
          "fidelity": 0.2001953125,
          "infidelity": 0.7998046875,
          "job_id": "d7gf3u22khts739oe2kg"
        },
        "9": {
          "fidelity": 0.0615234375,
          "infidelity": 0.9384765625,
          "job_id": "d7gf4022khts739oe2ng"
        },
        "10": {
          "fidelity": 0.0625,
          "infidelity": 0.9375,
          "job_id": "d7gf43nb91ec73atdt6g"
        }
      },
      "exp4_amplification": {
        "1": {
          "fidelity": 0.120849609375,
          "infidelity": 0.879150390625,
          "effective_depth": 10,
          "job_id": "d7gf45vb91ec73atdta0"
        },
        "2": {
          "fidelity": 0.01611328125,
          "infidelity": 0.98388671875,
          "effective_depth": 20,
          "job_id": "d7gf48c93s0c738rfhsg"
        },
        "3": {
          "fidelity": 0.024658203125,
          "infidelity": 0.975341796875,
          "effective_depth": 30,
          "job_id": "d7gf4arjne2c7392q7a0"
        },
        "4": {
          "fidelity": 0.02294921875,
          "infidelity": 0.97705078125,
          "effective_depth": 40,
          "job_id": "d7gf4di2khts739oe390"
        }
      },
      "exp5_echo": {
        "1": {
          "fidelity": 0.41015625,
          "infidelity": 0.58984375,
          "job_id": "d7gf4hfb91ec73atdtng"
        },
        "2": {
          "fidelity": 0.369384765625,
          "infidelity": 0.630615234375,
          "job_id": "d7gf4l7b91ec73atdtr0"
        },
        "4": {
          "fidelity": 0.380615234375,
          "infidelity": 0.619384765625,
          "job_id": "d7gf4oc93s0c738rfie0"
        },
        "8": {
          "fidelity": 0.3388671875,
          "infidelity": 0.6611328125,
          "job_id": "d7gf4s493s0c738rfij0"
        },
        "16": {
          "fidelity": 0.345947265625,
          "infidelity": 0.654052734375,
          "job_id": "d7gf50vb91ec73atdua0"
        },
        "32": {
          "fidelity": 0.269287109375,
          "infidelity": 0.730712890625,
          "job_id": "d7gf54bjne2c7392q890"
        },
        "64": {
          "fidelity": 0.113525390625,
          "infidelity": 0.886474609375,
          "job_id": "d7gf5dnb91ec73atdun0"
        },
        "128": {
          "fidelity": 0.00341796875,
          "infidelity": 0.99658203125,
          "job_id": "d7gf5hk93s0c738rfjbg"
        }
      },
      "exp6_long": {
        "10": {
          "fidelity": 0.06640625,
          "infidelity": 0.93359375,
          "job_id": "d7gf5la2khts739oe4mg"
        },
        "25": {
          "fidelity": 0.041015625,
          "infidelity": 0.958984375,
          "job_id": "d7gf5o493s0c738rfjkg"
        },
        "50": {
          "fidelity": 0.287109375,
          "infidelity": 0.712890625,
          "job_id": "d7gf6j7b91ec73ate000"
        },
        "100": {
          "fidelity": 0.014404296875,
          "infidelity": 0.985595703125,
          "job_id": "d7gf6oq2khts739oe5t0"
        },
        "200": {
          "fidelity": 0.014892578125,
          "infidelity": 0.985107421875,
          "job_id": "d7gf6t7b91ec73ate0b0"
        }
      },
      "kr_fits": {
        "exp1_coherent_kr": {
          "alpha": 0.08520584704826996,
          "C0": 0.6048470055597723,
          "R": 4.715571556979319e-18,
          "R2": 0.43721026935472185,
          "ok": true
        },
        "exp2_clifford_kr": {
          "alpha": 0.0700208367179638,
          "C0": 0.7536134358901366,
          "R": 1.5594627673838346e-11,
          "R2": 0.7948583270610201,
          "ok": true
        },
        "exp3_ghz_kr": {
          "alpha": 2.5822194238323686,
          "C0": 0.001561093002153941,
          "R": 0.3987603840356754,
          "R2": 0.9117377768353487,
          "ok": true
        },
        "exp4_amp_kr": {
          "alpha": 0.07341548417111048,
          "C0": 0.7593222313199178,
          "R": 3.786099979673185e-17,
          "R2": 0.7101639234350605,
          "ok": true
        },
        "exp5_echo_kr": {
          "alpha": 0.690312329036565,
          "C0": 0.014906715406099797,
          "R": 0.5845570854902302,
          "R2": 0.9746457447898326,
          "ok": true
        },
        "exp6_long_kr": {
          "alpha": 2.060937358719189,
          "C0": 1.9147654125661464e-06,
          "R": 0.8874582847861461,
          "R2": 0.1511137793628463,
          "ok": true
        }
      }
    },
    "ibm_kingston": {
      "backend": "ibm_kingston",
      "num_qubits": 156,
      "exp1_coherent": {
        "1": {
          "fidelity": 0.946044921875,