{
  "timestamp": "2026-04-16 19:43:11",
  "regimes": {
    "1_coherent": {
      "depths": [
        1,
        2,
        4,
        8,
        16,
        32,
        64
      ],
      "infidelity": [
        9.999541679461821e-05,
        0.0003999266748438979,
        0.0015988271898852435,
        0.006381260122165,
        0.025301760035454035,
        0.09772859584696691,
        0.34083904433690426
      ],
      "kr_fit": {
        "alpha": 1.8244926060813778,
        "C0": 0.00017277030146536565,
        "R": 2.577047339118399e-23,
        "R2": 0.9999184170547,
        "AIC": -70.16515718111398,
        "ok": true
      },
      "competitors": {
        "Exponential": {
          "R2": 0.9708491666531982,
          "AIC": -29.014827379085737
        },
        "Stretched Exp": {
          "R2": 0.9960779476581391,
          "AIC": -41.0559063696448
        }
      },
      "prediction": "alpha ~ 2.0 (coherent quadratic)",
      "verified": true
    },
    "2_depolarizing": {
      "depths": [
        1,
        2,
        4,
        8,
        16,
        32,
        64,
        128
      ],
      "infidelity": [
        0.017822265625,
        0.05029296875,
        0.11279296875,
        0.185546875,
        0.351806640625,
        0.557861328125,
        0.771240234375,
        0.908203125
      ],
      "kr_fit": {
        "alpha": 0.522078887303535,
        "C0": 0.07810882460360043,
        "R": 1.3295358326513637e-16,
        "R2": 0.960691317607129,
        "AIC": -15.482171076589228,
        "ok": true
      },
      "competitors": {
        "Exponential": {
          "R2": 0.9918733586146199,
          "AIC": -28.09255264480163
        },
        "Stretched Exp": {
          "R2": 0.9981311423566405,
          "AIC": -37.851115574238904
        }
      },
      "prediction": "alpha ~ 1.0 (stochastic linear)",
      "verified": true
    },
    "3_t1_damping": {
      "T1_50us": {
        "T1_us": 50.0,
        "T1_over_tgate": 166.66666666666669,
        "depths": [
          1,
          2,
          4,
          8,
          16,
          32,
          64,
          128
        ],
        "infidelity": [
          0.042236328125,
          0.102783203125,
          0.218994140625,
          0.3935546875,
          0.591552734375,
          0.79541015625,
          0.904541015625,
          0.93310546875
        ],
        "kr_fit": {
          "alpha": 0.3743671208470503,
          "C0": 0.17414670683658848,
          "R": 6.973798957769494e-20,
          "R2": 0.8913862423073936,
          "AIC": -6.495450818187447,
          "ok": true
        }
      },
      "T1_200us": {
        "T1_us": 200.0,
        "T1_over_tgate": 666.6666666666667,
        "depths": [
          1,
          2,
          4,
          8,
          16,
          32,
          64,
          128
        ],
        "infidelity": [
          0.0087890625,
          0.0302734375,
          0.0634765625,
          0.125,
          0.198486328125,
          0.345458984375,
          0.57373046875,
          0.80078125
        ],
        "kr_fit": {
          "alpha": 0.6584553899962605,
          "C0": 0.033927228792297336,
          "R": 3.201389311937738e-15,
          "R2": 0.9910112997796114,
          "AIC": -30.065845874544955,
          "ok": true
        }
      },
      "T1_1000us": {
        "T1_us": 1000.0,
        "T1_over_tgate": 3333.3333333333335,
        "depths": [
          1,
          2,
          4,
          8,
          16,
          32,
          64,
          128
        ],
        "infidelity": [
          0.001953125,
          0.00439453125,
          0.01220703125,
          0.021484375,
          0.043212890625,
          0.0830078125,
          0.1650390625,
          0.299072265625
        ],
        "kr_fit": {
          "alpha": 0.915387379859234,
          "C0": 0.0035452555009533302,
          "R": 6.059630484470259e-20,
          "R2": 0.9993199078585613,
          "AIC": -66.85269123494416,
          "ok": true
        }
      }
    },
    "4_t2_dephasing": {
      "T2_20us": {
        "T2_us": 20.0,
        "T2_over_tgate": 66.66666666666667,
        "depths": [
          1,
          2,
          4,
          8,
          16,
          32,
          64,
          128
        ],
        "infidelity": [
          0.170166015625,
          0.31640625,
          0.552734375,
          0.777587890625,
          0.89990234375,
          0.939208984375,
          0.935546875,
          0.935791015625
        ],
        "kr_fit": {
          "alpha": 0.2077437027104747,
          "C0": 0.3993231016740362,
          "R": 4.7700699516230496e-17,
          "R2": 0.7352756410259129,
          "AIC": -1.8507516825297632,
          "ok": true
        }
      },
      "T2_100us": {
        "T2_us": 100.0,
        "T2_over_tgate": 333.33333333333337,
        "depths": [
          1,
          2,
          4,
          8,
          16,
          32,
          64,
          128
        ],
        "infidelity": [
          0.0390625,
          0.0771484375,
          0.15087890625,
          0.281005859375,
          0.449951171875,
          0.6943359375,
          0.881591796875,
          0.932373046875
        ],
        "kr_fit": {
          "alpha": 0.44429028208906046,
          "C0": 0.12151501364122422,
          "R": 4.005894588652415e-20,
          "R2": 0.9292090008505458,
          "AIC": -9.928719709389512,
          "ok": true
        }
      },
      "T2_500us": {
        "T2_us": 500.0,
        "T2_over_tgate": 1666.6666666666667,
        "depths": [
          1,
          2,
          4,
          8,
          16,
          32,
          64,
          128
        ],
        "infidelity": [
          0.007568359375,
          0.01708984375,
          0.0361328125,
          0.082275390625,
          0.147705078125,
          0.2529296875,
          0.429931640625,
          0.662109375
        ],
        "kr_fit": {
          "alpha": 0.7277957268061862,
          "C0": 0.019743073088720645,
          "R": 3.9430074422810905e-16,
          "R2": 0.9961177263568527,
          "AIC": -40.021206218868564,
          "ok": true
        }
      }
    },
    "5_crosstalk": {
      "nq_2": {
        "nq": 2,
        "effective_error": 0.006,
        "depths": [
          1,
          2,
          4,
          8,
          16,
          32
        ],
        "infidelity": [
          0.066162109375,
          0.138916015625,
          0.245849609375,
          0.39990234375,
          0.590576171875,
          0.70361328125
        ],
        "kr_fit": {
          "alpha": 0.5252769776759632,
          "C0": 0.12153703189615471,
          "R": 1.8057225778442427e-16,
          "R2": 0.9601764917589425,
          "AIC": -13.88023026687872,
          "ok": true
        }
      },
      "nq_3": {
        "nq": 3,
        "effective_error": 0.011,
        "depths": [
          1,
          2,
          4,
          8,
          16,
          32
        ],
        "infidelity": [
          0.201171875,
          0.3916015625,
          0.6279296875,
          0.802001953125,
          0.8671875,
          0.8720703125
        ],
        "kr_fit": {
          "alpha": 0.2887524053881859,
          "C0": 0.3618419132952258,
          "R": 3.333220695262418e-16,
          "R2": 0.8111204478663381,
          "AIC": -3.448401056867077,
          "ok": true
        }
      },
      "nq_4": {
        "nq": 4,
        "effective_error": 0.016,
        "depths": [
          1,
          2,
          4,
          8,
          16,
          32
        ],